studlab,TE,seTE,statistic,pval,df,lower,upper,w.common,w.random,zval,level.ci,w.fixed
Liu 2022 (Current study),-0.26475,0.050787,-5.21294819540434,1.85862813502491e-07,NA,-0.364290690882836,-0.165209309117164,387.699178325365,128.786522986879,-5.21294819540434,0.95,387.699178325365
Liu 2022 (Current study),-0.0896012,0.04909505,-1.82505568280305,0.0679926269454062,NA,-0.185825729819193,0.00662332981919315,414.881993945102,131.651837606176,-1.82505568280305,0.95,414.881993945102
Liu 2022 (Current study),-0.178595,0.035101,-5.08803168000912,3.61798942848381e-07,NA,-0.24739169582134,-0.10979830417866,811.635475668195,155.822742383059,-5.08803168000912,0.95,811.635475668195
Liu 2022 (Current study),-0.0859503,0.0282593,-3.0414872272137,0.00235412553036827,NA,-0.141337510228313,-0.0305630897716873,1252.21009369895,167.110727416951,-3.0414872272137,0.95,1252.21009369895
