studlab,TE,seTE,statistic,pval,df,lower,upper,w.common,w.random,zval,level.ci,w.fixed
Liu 2022 (Current study),-0.29312,0.054328,-5.39537623324989,6.83801147370508e-08,NA,-0.399600923352092,-0.186639076647908,338.807148607494,117.341412792463,-5.39537623324989,0.95,338.807148607494
Liu 2022 (Current study),-0.2378785,0.06507831,-3.65526547938937,0.000256915976021169,NA,-0.365429643774733,-0.110327356225267,236.117114546968,101.980509477025,-3.65526547938937,0.95,236.117114546968
Liu 2022 (Current study),-0.150321,0.03797,-3.95894126942323,7.52827447908265e-05,NA,-0.224740832492986,-0.0759011675070142,693.61552572346,142.605957488988,-3.95894126942323,0.95,693.61552572346
Liu 2022 (Current study),-0.0944078,0.0378413,-2.49483500831103,0.0126015709515809,NA,-0.168575385128176,-0.0202402148718245,698.341585398284,142.804655044515,-2.49483500831103,0.95,698.341585398284
