studlab,TE,seTE,statistic,pval,df,lower,upper,w.common,w.random,zval,level.ci,w.fixed
Liu 2022 (Current study),-0.14315,0.036196,-3.95485689026412,7.65804775187219e-05,NA,-0.214092856384412,-0.0722071436155882,763.271138785029,273.429002798111,-3.95485689026412,0.95,763.271138785029
Liu 2022 (Current study),-0.09286876,0.04081706,-2.2752437338701,0.0228913126772627,NA,-0.17286872755481,-0.0128687924451896,600.228427596486,249.181533402073,-2.2752437338701,0.95,600.228427596486
Liu 2022 (Current study),-0.107019,0.021383,-5.00486367675256,5.59015781033199e-07,NA,-0.14892890988142,-0.06510909011858,2187.07022498122,356.590297407072,-5.00486367675256,0.95,2187.07022498122
Liu 2022 (Current study),-0.0132863,0.019586,-0.678356989686511,0.497545372633527,NA,-0.0516741546012015,0.0251015546012015,2606.80472589506,366.204121934985,-0.678356989686511,0.95,2606.80472589506
