studlab,TE,seTE,statistic,pval,df,lower,upper,w.common,w.random,zval,level.ci,w.fixed
Liu 2022 (Current study),0.222431,0.045772,4.85954295202307,1.17657055079395e-06,NA,0.132719528499633,0.312142471500367,477.3096573284,75.1142830501019,4.85954295202307,0.95,477.3096573284
Liu 2022 (Current study),0.3021537,0.06451641,4.68336195395869,2.82207536732804e-06,NA,0.17570385998818,0.42860354001182,240.24790743617,65.0180751441007,4.68336195395869,0.95,240.24790743617
Liu 2022 (Current study),0.0594075,0.013911,4.27054129825318,1.94999106497054e-05,NA,0.0321424410110633,0.0866725589889367,5167.53347648331,87.6309969864766,4.27054129825318,0.95,5167.53347648331
Liu 2022 (Current study),0.0819347,0.0273854,2.99191174859597,0.00277236394554126,NA,0.0282603022977768,0.135609097702223,1333.40421148314,83.5566286249075,2.99191174859597,0.95,1333.40421148314
