studlab,TE,seTE,statistic,pval,df,lower,upper,w.common,w.random,zval,level.ci,w.fixed
Liu 2022 (Current study),0.247798,0.04882,5.07574764440803,3.859752840575e-07,NA,0.152112558274755,0.343483441725245,419.570021285626,148.173199455529,5.07574764440803,0.95,419.570021285626
Liu 2022 (Current study),0.2017094,0.05562506,3.62623249305259,0.00028758644712808,NA,0.0926862857621205,0.31073251423788,323.19081900168,134.055199261485,3.62623249305259,0.95,323.19081900168
Liu 2022 (Current study),0.119408,0.028853,4.13849513048903,3.4959129109903e-05,NA,0.0628571591540658,0.175958840845934,1201.20753693969,192.383091614999,4.13849513048903,0.95,1201.20753693969
Liu 2022 (Current study),0.0774768,0.0258574,2.99631053392839,0.00273267994781388,NA,0.026797227266154,0.128156372733846,1495.65109211875,198.646362994446,2.99631053392839,0.95,1495.65109211875
