studlab,TE,seTE,statistic,pval,df,lower,upper,w.common,w.random,zval,level.ci,w.fixed
Liu 2022 (Current study),-0.19871,0.039799,-4.99283901605568,5.94981489098287e-07,NA,-0.27671460662071,-0.12070539337929,631.328914137418,225.658894282285,-4.99283901605568,0.95,631.328914137418
Liu 2022 (Current study),-0.2042637,0.05017855,-4.07073739675618,4.68645553358578e-05,NA,-0.302611850796442,-0.105915549203558,397.15842991298,186.379611679605,-4.07073739675618,0.95,397.15842991298
Liu 2022 (Current study),-0.12232,0.014136,-8.65308432371251,5.01259600061331e-18,NA,-0.150026050885458,-0.0946139491145418,5004.34136622203,328.155763195394,-8.65308432371251,0.95,5004.34136622203
Liu 2022 (Current study),-0.0723004,0.0225324,-3.20873053913476,0.00133322377161119,NA,-0.11646309248525,-0.0281377075147497,1969.63201753585,298.04341352552,-3.20873053913476,0.95,1969.63201753585
