studlab,TE,seTE,statistic,pval,df,lower,upper,w.common,w.random,zval,level.ci,w.fixed
Liu 2022 (Current study),-0.11786,0.035561,-3.31430499704733,0.000918712361270922,NA,-0.187558279254229,-0.0481617207457712,790.773432094946,278.938112668391,-3.31430499704733,0.95,790.773432094946
Liu 2022 (Current study),-0.1261858,0.0410564,-3.07347453746553,0.00211581742775307,NA,-0.20665486533487,-0.0457167346651297,593.250712076148,249.621332237198,-3.07347453746553,0.95,593.250712076148
Liu 2022 (Current study),-0.108369,0.023041,-4.70331148821666,2.55975438607588e-06,NA,-0.153528530167787,-0.0632094698322126,1883.63760506999,350.713824935432,-4.70331148821666,0.95,1883.63760506999
Liu 2022 (Current study),-0.0107791,0.0183429,-0.587644265628663,0.556771092618484,NA,-0.0467305233720197,0.0251723233720197,2972.10400646586,376.3782206643,-0.587644265628663,0.95,2972.10400646586
