studlab,TE,seTE,statistic,pval,df,lower,upper,w.common,w.random,zval,level.ci,w.fixed
Liu 2022 (Current study),-0.18604,0.043715,-4.25574745510694,2.08351781368458e-05,NA,-0.271719825584168,-0.100360174415832,523.285902132271,523.285902132271,-4.25574745510694,0.95,523.285902132271
Liu 2022 (Current study),-0.1062191,0.04610447,-2.30387856101588,0.0212294614938339,NA,-0.196582200726307,-0.0158559992736926,470.450497576525,470.450497576525,-2.30387856101588,0.95,470.450497576525
Liu 2022 (Current study),-0.125907,0.029707,-4.23829400478002,2.25224703030907e-05,NA,-0.184131650088731,-0.0676823499112686,1133.13696575851,1133.13696575851,-4.23829400478002,0.95,1133.13696575851
Liu 2022 (Current study),-0.0975816,0.0280759,-3.47563568754697,0.000509644102740596,NA,-0.152609352833548,-0.0425538471664519,1268.62313257712,1268.62313257712,-3.47563568754697,0.95,1268.62313257712
