studlab,TE,seTE,statistic,pval,df,lower,upper,w.common,w.random,zval,level.ci,w.fixed
Bentham 2015,-0.01,0.12,-0.0833333333333333,0.933586496294755,NA,-0.245195678144806,0.225195678144806,69.4444444444444,69.4444444444444,-0.0833333333333333,0.95,69.4444444444444
Bentham 2015,-0.3,0.4,-0.75,0.453254704753736,NA,-1.08398559381602,0.483985593816022,6.25,6.25,-0.75,0.95,6.25
